{
  "threshold": 0.3,
  "f1": 0.460093896713615,
  "precision": 0.40273972602739727,
  "recall": 0.5364963503649635,
  "acc": 0.7417664670658682
}